Title,Rating,Colors,Size,Gender,Timestamp,Price_in_rupiah
T-shirt 2,3.9,3,M,Women,2025-05-19T08:55:51.519514,1634400.0
Hoodie 3,4.8,3,L,Unisex,2025-05-19T08:55:51.519616,7950080.0
Pants 4,3.3,3,XL,Men,2025-05-19T08:55:51.519716,7476960.0
Outerwear 5,3.5,3,XXL,Women,2025-05-19T08:55:51.519816,5145440.0
Jacket 6,3.3,3,S,Unisex,2025-05-19T08:55:51.519914,2453920.0
Crewneck 7,4.3,3,M,Men,2025-05-19T08:55:51.520010,6892000.0
T-shirt 8,3.1,3,L,Women,2025-05-19T08:55:51.520103,7802560.0
Hoodie 9,3.2,3,XL,Unisex,2025-05-19T08:55:51.520194,3972160.0
Pants 10,4.2,3,XXL,Men,2025-05-19T08:55:51.520286,3100160.0
Jacket 12,3.9,3,M,Unisex,2025-05-19T08:55:51.520466,8527840.0
Crewneck 13,3.2,3,L,Men,2025-05-19T08:55:51.520559,5447200.0
T-shirt 14,3.8,3,XL,Women,2025-05-19T08:55:51.520647,3248800.0
Hoodie 15,3.6,3,XXL,Unisex,2025-05-19T08:55:51.520737,2184160.0
Outerwear 17,3.8,3,M,Women,2025-05-19T08:55:51.520908,841600.0
Jacket 18,3.8,3,L,Unisex,2025-05-19T08:55:51.521001,5500000.0
Crewneck 19,3.6,3,XL,Men,2025-05-19T08:55:51.521095,1308960.0
T-shirt 20,3.4,3,XXL,Women,2025-05-19T08:55:51.521183,1325600.0
Pants 22,4.9,3,M,Men,2025-05-19T08:55:53.820745,4319680.0
Outerwear 23,3.7,3,L,Women,2025-05-19T08:55:53.820876,4655840.0
Jacket 24,3.9,3,XL,Unisex,2025-05-19T08:55:53.820991,8223520.0
Crewneck 25,3.3,3,XXL,Men,2025-05-19T08:55:53.821086,8322559.999999999
T-shirt 26,4.6,3,S,Women,2025-05-19T08:55:53.821178,7292320.0
Hoodie 27,4.8,3,M,Unisex,2025-05-19T08:55:53.821272,3551840.0
Pants 28,4.0,3,L,Men,2025-05-19T08:55:53.821366,5216160.0
Outerwear 29,3.1,3,XL,Women,2025-05-19T08:55:53.821456,861600.0
Jacket 30,3.7,3,XXL,Unisex,2025-05-19T08:55:53.821548,8610240.0
T-shirt 32,3.4,3,M,Women,2025-05-19T08:55:53.821739,6657920.0
Hoodie 33,3.5,3,L,Unisex,2025-05-19T08:55:53.821844,7248160.0
Pants 34,3.8,3,XL,Men,2025-05-19T08:55:53.821937,8362719.999999999
Outerwear 35,3.8,3,XXL,Women,2025-05-19T08:55:53.822033,1356160.0
Jacket 36,3.7,3,S,Unisex,2025-05-19T08:55:53.822124,7249280.0
Crewneck 37,4.0,3,M,Men,2025-05-19T08:55:53.822221,6006080.0
T-shirt 38,3.2,3,L,Women,2025-05-19T08:55:53.822314,4866080.0
Hoodie 39,4.6,3,XL,Unisex,2025-05-19T08:55:53.822406,6431200.0
Pants 40,3.1,3,XXL,Men,2025-05-19T08:55:53.822496,5853600.0
Jacket 42,3.7,3,M,Unisex,2025-05-19T08:55:56.206513,6744160.0
Crewneck 43,4.5,3,L,Men,2025-05-19T08:55:56.206635,2909600.0
T-shirt 44,3.0,3,XL,Women,2025-05-19T08:55:56.206745,3312320.0
Hoodie 45,4.5,3,XXL,Unisex,2025-05-19T08:55:56.206899,8693120.0
Outerwear 47,3.2,3,M,Women,2025-05-19T08:55:56.207094,6364640.0
Jacket 48,3.4,3,L,Unisex,2025-05-19T08:55:56.207186,4994720.0
Crewneck 49,4.0,3,XL,Men,2025-05-19T08:55:56.207284,1071200.0
T-shirt 50,3.1,3,XXL,Women,2025-05-19T08:55:56.207374,5932960.0
Pants 52,4.0,3,M,Men,2025-05-19T08:55:56.207590,1596480.0
Outerwear 53,4.3,3,L,Women,2025-05-19T08:55:56.207686,4470880.0
Jacket 54,4.2,3,XL,Unisex,2025-05-19T08:55:56.207783,854560.0
Crewneck 55,3.6,3,XXL,Men,2025-05-19T08:55:56.207874,1793760.0
T-shirt 56,3.8,3,S,Women,2025-05-19T08:55:56.207968,4643040.0
Hoodie 57,4.9,3,M,Unisex,2025-05-19T08:55:56.208060,3155360.0
Pants 58,4.4,3,L,Men,2025-05-19T08:55:56.208150,1637760.0
Outerwear 59,4.6,3,XL,Women,2025-05-19T08:55:56.208240,2254240.0
Jacket 60,4.2,3,XXL,Unisex,2025-05-19T08:55:56.208336,3375520.0
T-shirt 62,3.8,3,M,Women,2025-05-19T08:55:58.290249,1376480.0
Hoodie 63,3.6,3,L,Unisex,2025-05-19T08:55:58.290352,6479200.0
Pants 64,4.0,3,XL,Men,2025-05-19T08:55:58.290457,7728480.0
Outerwear 65,4.1,3,XXL,Women,2025-05-19T08:55:58.290552,2385920.0
Jacket 66,3.5,3,S,Unisex,2025-05-19T08:55:58.290643,4353120.0
Crewneck 67,3.5,3,M,Men,2025-05-19T08:55:58.290734,8470720.0
T-shirt 68,4.0,3,L,Women,2025-05-19T08:55:58.290827,8025280.0
Hoodie 69,3.6,3,XL,Unisex,2025-05-19T08:55:58.290925,1027839.9999999999
Pants 70,4.4,3,XXL,Men,2025-05-19T08:55:58.291022,1171360.0
Jacket 72,4.4,3,M,Unisex,2025-05-19T08:55:58.291216,3776000.0
Crewneck 73,3.0,3,L,Men,2025-05-19T08:55:58.291308,2460320.0
T-shirt 74,3.8,3,XL,Women,2025-05-19T08:55:58.291396,7704800.0
Hoodie 75,4.3,3,XXL,Unisex,2025-05-19T08:55:58.291486,2101760.0
Outerwear 77,3.7,3,M,Women,2025-05-19T08:55:58.291650,861760.0
Jacket 78,4.3,3,L,Unisex,2025-05-19T08:55:58.291751,2716480.0
Crewneck 79,4.6,3,XL,Men,2025-05-19T08:55:58.291843,3309600.0
T-shirt 80,4.5,3,XXL,Women,2025-05-19T08:55:58.291931,4178399.9999999995
Pants 82,4.8,3,M,Men,2025-05-19T08:56:00.430518,8315520.0
Outerwear 83,3.7,3,L,Women,2025-05-19T08:56:00.430650,3947840.0
Jacket 84,4.8,3,XL,Unisex,2025-05-19T08:56:00.430749,2826080.0
Crewneck 85,3.5,3,XXL,Men,2025-05-19T08:56:00.430842,4564160.0
T-shirt 86,3.9,3,S,Women,2025-05-19T08:56:00.430935,1670880.0
Hoodie 87,4.3,3,M,Unisex,2025-05-19T08:56:00.431030,7870240.0
Pants 88,3.1,3,L,Men,2025-05-19T08:56:00.431120,7590400.0
Outerwear 89,3.0,3,XL,Women,2025-05-19T08:56:00.431237,4856320.0
Jacket 90,4.0,3,XXL,Unisex,2025-05-19T08:56:00.431328,7160000.0
T-shirt 92,3.5,3,M,Women,2025-05-19T08:56:00.431515,5012320.0
Hoodie 93,3.6,3,L,Unisex,2025-05-19T08:56:00.431607,1365280.0
Pants 94,4.3,3,XL,Men,2025-05-19T08:56:00.431696,1074880.0
Outerwear 95,3.5,3,XXL,Women,2025-05-19T08:56:00.431784,6062240.0
Jacket 96,4.9,3,S,Unisex,2025-05-19T08:56:00.431871,4598240.0
Crewneck 97,3.9,3,M,Men,2025-05-19T08:56:00.431959,6113120.0
T-shirt 98,3.1,3,L,Women,2025-05-19T08:56:00.432059,8596960.0
Hoodie 99,3.6,3,XL,Unisex,2025-05-19T08:56:00.432166,5028000.0
Pants 100,4.6,3,XXL,Men,2025-05-19T08:56:00.432270,2217280.0
Jacket 102,3.3,3,M,Unisex,2025-05-19T08:56:02.788624,3840640.0
Crewneck 103,3.5,3,L,Men,2025-05-19T08:56:02.788725,2331680.0
T-shirt 104,3.8,3,XL,Women,2025-05-19T08:56:02.788818,2374400.0
Hoodie 105,4.2,3,XXL,Unisex,2025-05-19T08:56:02.788911,5019840.0
Outerwear 107,4.0,3,M,Women,2025-05-19T08:56:02.789078,6625120.0
Jacket 108,4.8,3,L,Unisex,2025-05-19T08:56:02.789167,5551680.0
Crewneck 109,3.3,3,XL,Men,2025-05-19T08:56:02.789260,5886880.0
T-shirt 110,4.6,3,XXL,Women,2025-05-19T08:56:02.789351,7197120.0
Pants 112,3.3,3,M,Men,2025-05-19T08:56:02.789529,4261920.0
Outerwear 113,3.7,3,L,Women,2025-05-19T08:56:02.789619,4472000.0
Jacket 114,4.9,3,XL,Unisex,2025-05-19T08:56:02.789712,5386560.0
Crewneck 115,4.5,3,XXL,Men,2025-05-19T08:56:02.789801,1933280.0
T-shirt 116,3.0,3,S,Women,2025-05-19T08:56:02.789890,3474560.0
Hoodie 117,5.0,3,M,Unisex,2025-05-19T08:56:02.789980,3376320.0
Pants 118,3.2,3,L,Men,2025-05-19T08:56:02.790072,5585440.0
Outerwear 119,3.4,3,XL,Women,2025-05-19T08:56:02.790174,3561760.0
Jacket 120,4.0,3,XXL,Unisex,2025-05-19T08:56:02.790279,7480320.0
T-shirt 122,3.6,3,M,Women,2025-05-19T08:56:05.090811,1961920.0
Hoodie 123,3.8,3,L,Unisex,2025-05-19T08:56:05.090916,4498080.0
Pants 124,3.2,3,XL,Men,2025-05-19T08:56:05.091007,7023520.0
Outerwear 125,4.2,3,XXL,Women,2025-05-19T08:56:05.091095,6998240.0
Jacket 126,3.9,3,S,Unisex,2025-05-19T08:56:05.091183,4426080.0
Crewneck 127,4.0,3,M,Men,2025-05-19T08:56:05.091311,8311680.0
T-shirt 128,3.8,3,L,Women,2025-05-19T08:56:05.091404,4466720.0
Hoodie 129,4.5,3,XL,Unisex,2025-05-19T08:56:05.091501,2532480.0
Pants 130,4.8,3,XXL,Men,2025-05-19T08:56:05.091591,6603520.0
Jacket 132,4.2,3,M,Unisex,2025-05-19T08:56:05.091775,6474880.0
Crewneck 133,4.7,3,L,Men,2025-05-19T08:56:05.091865,2016320.0
T-shirt 134,3.2,3,XL,Women,2025-05-19T08:56:05.091951,5937440.0
Hoodie 135,4.7,3,XXL,Unisex,2025-05-19T08:56:05.092037,5141440.0
Outerwear 137,4.5,3,M,Women,2025-05-19T08:56:05.092200,6988320.0
Jacket 138,3.4,3,L,Unisex,2025-05-19T08:56:05.092287,4635520.0
Crewneck 139,4.5,3,XL,Men,2025-05-19T08:56:05.092373,8053120.0
T-shirt 140,3.5,3,XXL,Women,2025-05-19T08:56:05.092463,6811040.0
Pants 142,4.9,3,M,Men,2025-05-19T08:56:07.392849,2325280.0
Outerwear 143,4.9,3,L,Women,2025-05-19T08:56:07.392951,3346560.0
Jacket 144,4.3,3,XL,Unisex,2025-05-19T08:56:07.393040,5758240.0
Crewneck 145,4.8,3,XXL,Men,2025-05-19T08:56:07.393127,3472800.0
T-shirt 146,4.3,3,S,Women,2025-05-19T08:56:07.393214,7688640.0
Hoodie 147,5.0,3,M,Unisex,2025-05-19T08:56:07.393301,3052800.0
Pants 148,4.7,3,L,Men,2025-05-19T08:56:07.393387,6033440.0
Outerwear 149,3.2,3,XL,Women,2025-05-19T08:56:07.393473,3105920.0
Jacket 150,3.6,3,XXL,Unisex,2025-05-19T08:56:07.393561,1500640.0
T-shirt 152,4.2,3,M,Women,2025-05-19T08:56:07.393733,6288640.0
Hoodie 153,4.3,3,L,Unisex,2025-05-19T08:56:07.393819,2660640.0
Pants 154,3.0,3,XL,Men,2025-05-19T08:56:07.393911,2337440.0
Outerwear 155,4.1,3,XXL,Women,2025-05-19T08:56:07.393998,3783200.0
Jacket 156,3.6,3,S,Unisex,2025-05-19T08:56:07.394088,6645120.0
Crewneck 157,4.0,3,M,Men,2025-05-19T08:56:07.394177,1105760.0
T-shirt 158,4.0,3,L,Women,2025-05-19T08:56:07.394265,7321120.0
Hoodie 159,4.9,3,XL,Unisex,2025-05-19T08:56:07.394353,2371680.0
Pants 160,3.4,3,XXL,Men,2025-05-19T08:56:07.394442,2802880.0
Jacket 162,4.5,3,M,Unisex,2025-05-19T08:56:09.695610,1543840.0
Crewneck 163,4.4,3,L,Men,2025-05-19T08:56:09.695704,7861920.0
T-shirt 164,3.9,3,XL,Women,2025-05-19T08:56:09.695794,3512000.0
Hoodie 165,4.9,3,XXL,Unisex,2025-05-19T08:56:09.695885,6921280.0
Outerwear 167,3.1,3,M,Women,2025-05-19T08:56:09.696108,3273760.0
Jacket 168,4.4,3,L,Unisex,2025-05-19T08:56:09.696199,870400.0
Crewneck 169,4.7,3,XL,Men,2025-05-19T08:56:09.696302,8032800.0
T-shirt 170,4.5,3,XXL,Women,2025-05-19T08:56:09.696392,6677920.0
Pants 172,4.9,3,M,Men,2025-05-19T08:56:09.696567,1566080.0
Outerwear 173,4.6,3,L,Women,2025-05-19T08:56:09.696653,7034560.0
Jacket 174,3.3,3,XL,Unisex,2025-05-19T08:56:09.696742,6282240.0
Crewneck 175,4.5,3,XXL,Men,2025-05-19T08:56:09.696830,8125120.0
T-shirt 176,3.6,3,S,Women,2025-05-19T08:56:09.696917,6104320.0
Hoodie 177,4.6,3,M,Unisex,2025-05-19T08:56:09.697005,1890400.0
Pants 178,3.0,3,L,Men,2025-05-19T08:56:09.697096,6184160.0
Outerwear 179,3.5,3,XL,Women,2025-05-19T08:56:09.697185,5816640.0
Jacket 180,3.9,3,XXL,Unisex,2025-05-19T08:56:09.697273,5552640.0
T-shirt 182,3.8,3,M,Women,2025-05-19T08:56:11.916696,2334880.0
Hoodie 183,3.6,3,L,Unisex,2025-05-19T08:56:11.916803,3904640.0
Pants 184,4.5,3,XL,Men,2025-05-19T08:56:11.916904,7759520.0
Outerwear 185,3.2,3,XXL,Women,2025-05-19T08:56:11.917008,7822880.0
Jacket 186,4.2,3,S,Unisex,2025-05-19T08:56:11.917107,6940480.0
Crewneck 187,3.8,3,M,Men,2025-05-19T08:56:11.917202,6663520.0
T-shirt 188,4.4,3,L,Women,2025-05-19T08:56:11.917295,3927840.0
Hoodie 189,4.0,3,XL,Unisex,2025-05-19T08:56:11.917387,1946720.0
Pants 190,4.5,3,XXL,Men,2025-05-19T08:56:11.917492,2220960.0
Jacket 192,3.8,3,M,Unisex,2025-05-19T08:56:11.917671,5066240.0
Crewneck 193,4.1,3,L,Men,2025-05-19T08:56:11.917762,7355680.0
T-shirt 194,4.9,3,XL,Women,2025-05-19T08:56:11.917852,2818720.0
Hoodie 195,4.9,3,XXL,Unisex,2025-05-19T08:56:11.917943,7208960.0
Outerwear 197,4.9,3,M,Women,2025-05-19T08:56:11.918112,5681600.0
Jacket 198,4.5,3,L,Unisex,2025-05-19T08:56:11.918201,5435040.0
Crewneck 199,3.1,3,XL,Men,2025-05-19T08:56:11.918294,6744320.0
T-shirt 200,3.5,3,XXL,Women,2025-05-19T08:56:11.918386,6289920.0
Pants 202,3.3,3,M,Men,2025-05-19T08:56:14.138239,5592480.0
Outerwear 203,3.4,3,L,Women,2025-05-19T08:56:14.138346,2144000.0
Jacket 204,3.9,3,XL,Unisex,2025-05-19T08:56:14.138451,6031040.0
Crewneck 205,3.2,3,XXL,Men,2025-05-19T08:56:14.138642,6434880.0
T-shirt 206,4.5,3,S,Women,2025-05-19T08:56:14.138760,4674720.0
Hoodie 207,3.5,3,M,Unisex,2025-05-19T08:56:14.138864,6101440.0
Pants 208,3.1,3,L,Men,2025-05-19T08:56:14.138959,4637600.0
Outerwear 209,4.3,3,XL,Women,2025-05-19T08:56:14.139053,7980640.0
Jacket 210,4.7,3,XXL,Unisex,2025-05-19T08:56:14.139148,7827360.0
T-shirt 212,4.7,3,M,Women,2025-05-19T08:56:14.139391,8794880.0
Hoodie 213,3.6,3,L,Unisex,2025-05-19T08:56:14.139501,5748000.0
Pants 214,4.9,3,XL,Men,2025-05-19T08:56:14.139614,4315680.0
Outerwear 215,3.8,3,XXL,Women,2025-05-19T08:56:14.139715,1449600.0
Jacket 216,4.6,3,S,Unisex,2025-05-19T08:56:14.139814,4576480.0
Crewneck 217,4.8,3,M,Men,2025-05-19T08:56:14.139910,5772960.0
T-shirt 218,3.1,3,L,Women,2025-05-19T08:56:14.140003,5600320.0
Hoodie 219,4.6,3,XL,Unisex,2025-05-19T08:56:14.140101,5671040.0
Pants 220,3.2,3,XXL,Men,2025-05-19T08:56:14.140194,3357600.0
Jacket 222,3.4,3,M,Unisex,2025-05-19T08:56:16.441487,7438080.0
Crewneck 223,4.8,3,L,Men,2025-05-19T08:56:16.441581,952960.0
T-shirt 224,4.5,3,XL,Women,2025-05-19T08:56:16.441671,3534560.0
Hoodie 225,3.5,3,XXL,Unisex,2025-05-19T08:56:16.441761,5232800.0
Outerwear 227,4.8,3,M,Women,2025-05-19T08:56:16.441929,6742560.0
Jacket 228,4.5,3,L,Unisex,2025-05-19T08:56:16.442032,8076800.0
Crewneck 229,4.9,3,XL,Men,2025-05-19T08:56:16.442123,3101920.0
T-shirt 230,4.5,3,XXL,Women,2025-05-19T08:56:16.442212,7133280.0
Pants 232,4.0,3,M,Men,2025-05-19T08:56:16.442394,8327360.000000001
Outerwear 233,4.8,3,L,Women,2025-05-19T08:56:16.442484,847360.0
Jacket 234,4.5,3,XL,Unisex,2025-05-19T08:56:16.442575,1159200.0
Crewneck 235,3.4,3,XXL,Men,2025-05-19T08:56:16.442664,6560320.0
T-shirt 236,3.9,3,S,Women,2025-05-19T08:56:16.442752,5492320.0
Hoodie 237,3.1,3,M,Unisex,2025-05-19T08:56:16.442840,4743520.0
Pants 238,3.8,3,L,Men,2025-05-19T08:56:16.442927,8301920.0
Outerwear 239,3.1,3,XL,Women,2025-05-19T08:56:16.443015,7934080.0
Jacket 240,3.8,3,XXL,Unisex,2025-05-19T08:56:16.443103,7600000.0
T-shirt 242,3.4,3,M,Women,2025-05-19T08:56:18.993330,4833600.0
Hoodie 243,3.1,3,L,Unisex,2025-05-19T08:56:18.993438,3371680.0
Pants 244,3.1,3,XL,Men,2025-05-19T08:56:18.993535,8116160.0
Outerwear 245,4.0,3,XXL,Women,2025-05-19T08:56:18.993627,1451680.0
Jacket 246,3.1,3,S,Unisex,2025-05-19T08:56:18.993723,8735040.0
Crewneck 247,3.0,3,M,Men,2025-05-19T08:56:18.993824,8769120.0
T-shirt 248,4.5,3,L,Women,2025-05-19T08:56:18.993920,2280000.0
Hoodie 249,4.2,3,XL,Unisex,2025-05-19T08:56:18.994013,2149440.0
Pants 250,3.1,3,XXL,Men,2025-05-19T08:56:18.994105,4314240.0
Jacket 252,3.2,3,M,Unisex,2025-05-19T08:56:18.994283,8408480.0
Crewneck 253,3.9,3,L,Men,2025-05-19T08:56:18.994373,1854720.0
T-shirt 254,3.9,3,XL,Women,2025-05-19T08:56:18.994460,5984160.0
Hoodie 255,4.1,3,XXL,Unisex,2025-05-19T08:56:18.994551,3668000.0
Outerwear 257,5.0,3,M,Women,2025-05-19T08:56:18.994714,7073120.0
Jacket 258,4.7,3,L,Unisex,2025-05-19T08:56:18.994809,2080639.9999999998
Crewneck 259,3.3,3,XL,Men,2025-05-19T08:56:18.994904,2275520.0
T-shirt 260,3.5,3,XXL,Women,2025-05-19T08:56:18.994994,6271520.0
Pants 262,3.4,3,M,Men,2025-05-19T08:56:21.215541,1097760.0
Outerwear 263,4.2,3,L,Women,2025-05-19T08:56:21.215646,1878400.0
Jacket 264,4.8,3,XL,Unisex,2025-05-19T08:56:21.215742,2063040.0
Crewneck 265,3.5,3,XXL,Men,2025-05-19T08:56:21.215834,2483040.0
T-shirt 266,4.6,3,S,Women,2025-05-19T08:56:21.215938,4842080.0
Hoodie 267,4.3,3,M,Unisex,2025-05-19T08:56:21.216033,4086240.0
Pants 268,3.6,3,L,Men,2025-05-19T08:56:21.216125,5005120.0
Outerwear 269,3.1,3,XL,Women,2025-05-19T08:56:21.216225,8073920.0
Jacket 270,4.2,3,XXL,Unisex,2025-05-19T08:56:21.216337,2569120.0
T-shirt 272,3.3,3,M,Women,2025-05-19T08:56:21.216527,5811840.0
Hoodie 273,4.9,3,L,Unisex,2025-05-19T08:56:21.216619,5291360.0
Pants 274,4.2,3,XL,Men,2025-05-19T08:56:21.216711,3669280.0
Outerwear 275,4.8,3,XXL,Women,2025-05-19T08:56:21.216808,5575360.0
Jacket 276,4.3,3,S,Unisex,2025-05-19T08:56:21.216896,1013600.0
Crewneck 277,4.7,3,M,Men,2025-05-19T08:56:21.216989,2383680.0
T-shirt 278,3.8,3,L,Women,2025-05-19T08:56:21.217081,2087360.0000000002
Hoodie 279,4.7,3,XL,Unisex,2025-05-19T08:56:21.217170,5592320.0
Pants 280,3.9,3,XXL,Men,2025-05-19T08:56:21.217261,7501440.0
Jacket 282,3.0,3,M,Unisex,2025-05-19T08:56:23.598153,2227040.0
Crewneck 283,3.2,3,L,Men,2025-05-19T08:56:23.598261,6633120.0
T-shirt 284,3.6,3,XL,Women,2025-05-19T08:56:23.598359,6568000.0
Hoodie 285,3.2,3,XXL,Unisex,2025-05-19T08:56:23.598451,3009120.0
Outerwear 287,3.7,3,M,Women,2025-05-19T08:56:23.598653,5273600.0
Jacket 288,4.1,3,L,Unisex,2025-05-19T08:56:23.598746,3123040.0
Crewneck 289,4.0,3,XL,Men,2025-05-19T08:56:23.598842,888000.0
T-shirt 290,4.2,3,XXL,Women,2025-05-19T08:56:23.598933,6425120.0
Pants 292,3.9,3,M,Men,2025-05-19T08:56:23.599113,2384480.0
Outerwear 293,4.5,3,L,Women,2025-05-19T08:56:23.599202,1176160.0
Jacket 294,3.8,3,XL,Unisex,2025-05-19T08:56:23.599292,5947200.0
Crewneck 295,4.9,3,XXL,Men,2025-05-19T08:56:23.599386,7266720.0
T-shirt 296,3.1,3,S,Women,2025-05-19T08:56:23.599476,1172160.0
Hoodie 297,3.6,3,M,Unisex,2025-05-19T08:56:23.599563,7801120.0
Pants 298,4.8,3,L,Men,2025-05-19T08:56:23.599652,2426080.0
Outerwear 299,4.3,3,XL,Women,2025-05-19T08:56:23.599740,1947840.0
Jacket 300,4.0,3,XXL,Unisex,2025-05-19T08:56:23.599829,6408480.0
T-shirt 302,3.2,3,M,Women,2025-05-19T08:56:26.068521,5711200.0
Hoodie 303,4.1,3,L,Unisex,2025-05-19T08:56:26.068624,7974560.0
Pants 304,3.4,3,XL,Men,2025-05-19T08:56:26.068720,7129760.0
Outerwear 305,4.5,3,XXL,Women,2025-05-19T08:56:26.068822,6325440.0
Jacket 306,4.2,3,S,Unisex,2025-05-19T08:56:26.068922,7575040.0
Crewneck 307,3.7,3,M,Men,2025-05-19T08:56:26.069017,7735200.0
T-shirt 308,4.1,3,L,Women,2025-05-19T08:56:26.069108,4086080.0
Hoodie 309,4.8,3,XL,Unisex,2025-05-19T08:56:26.069199,3953120.0
Pants 310,4.7,3,XXL,Men,2025-05-19T08:56:26.069293,6329280.0
Jacket 312,3.8,3,M,Unisex,2025-05-19T08:56:26.069495,7267040.0
Crewneck 313,3.1,3,L,Men,2025-05-19T08:56:26.069601,1948320.0
T-shirt 314,3.2,3,XL,Women,2025-05-19T08:56:26.069706,6017120.0
Hoodie 315,3.1,3,XXL,Unisex,2025-05-19T08:56:26.069811,7022880.0
Outerwear 317,3.3,3,M,Women,2025-05-19T08:56:26.069993,5259040.0
Jacket 318,3.7,3,L,Unisex,2025-05-19T08:56:26.070086,5667200.0
Crewneck 319,3.3,3,XL,Men,2025-05-19T08:56:26.070175,3085920.0
T-shirt 320,3.3,3,XXL,Women,2025-05-19T08:56:26.070265,829440.0
Pants 322,3.2,3,M,Men,2025-05-19T08:56:28.290696,7810400.0
Outerwear 323,3.1,3,L,Women,2025-05-19T08:56:28.290789,8468000.0
Jacket 324,3.3,3,XL,Unisex,2025-05-19T08:56:28.290880,6082720.0
Crewneck 325,3.4,3,XXL,Men,2025-05-19T08:56:28.290982,3001760.0
T-shirt 326,4.9,3,S,Women,2025-05-19T08:56:28.291075,4519360.0
Hoodie 327,4.4,3,M,Unisex,2025-05-19T08:56:28.291165,6641440.0
Pants 328,4.5,3,L,Men,2025-05-19T08:56:28.291253,5732960.0
Outerwear 329,4.7,3,XL,Women,2025-05-19T08:56:28.291341,6724160.0
Jacket 330,4.3,3,XXL,Unisex,2025-05-19T08:56:28.291431,1591200.0
T-shirt 332,3.4,3,M,Women,2025-05-19T08:56:28.291613,2335680.0
Hoodie 333,4.8,3,L,Unisex,2025-05-19T08:56:28.291705,1746080.0
Pants 334,3.8,3,XL,Men,2025-05-19T08:56:28.291807,2409440.0
Outerwear 335,3.0,3,XXL,Women,2025-05-19T08:56:28.291905,2826720.0
Jacket 336,5.0,3,S,Unisex,2025-05-19T08:56:28.291999,6237760.0
Crewneck 337,4.3,3,M,Men,2025-05-19T08:56:28.292091,8608800.0
T-shirt 338,3.9,3,L,Women,2025-05-19T08:56:28.292187,2883360.0
Hoodie 339,4.9,3,XL,Unisex,2025-05-19T08:56:28.292274,4424800.0
Pants 340,4.3,3,XXL,Men,2025-05-19T08:56:28.292365,5975200.0
Jacket 342,4.8,3,M,Unisex,2025-05-19T08:56:30.594869,1827680.0
Crewneck 343,4.1,3,L,Men,2025-05-19T08:56:30.594961,2279040.0
T-shirt 344,4.5,3,XL,Women,2025-05-19T08:56:30.595049,3415680.0
Hoodie 345,3.3,3,XXL,Unisex,2025-05-19T08:56:30.595138,7577440.0
Outerwear 347,4.7,3,M,Women,2025-05-19T08:56:30.595300,6986080.0
Jacket 348,4.6,3,L,Unisex,2025-05-19T08:56:30.595389,3195040.0
Crewneck 349,3.5,3,XL,Men,2025-05-19T08:56:30.595476,6085600.0
T-shirt 350,5.0,3,XXL,Women,2025-05-19T08:56:30.595563,8047680.0
Pants 352,4.0,3,M,Men,2025-05-19T08:56:30.595737,2838880.0
Outerwear 353,3.6,3,L,Women,2025-05-19T08:56:30.595825,961600.0
Jacket 354,3.8,3,XL,Unisex,2025-05-19T08:56:30.595915,2294720.0
Crewneck 355,3.2,3,XXL,Men,2025-05-19T08:56:30.596001,4246560.0
T-shirt 356,4.3,3,S,Women,2025-05-19T08:56:30.596088,7150080.0
Hoodie 357,3.6,3,M,Unisex,2025-05-19T08:56:30.596188,3739360.0
Pants 358,3.9,3,L,Men,2025-05-19T08:56:30.596274,8479520.0
Outerwear 359,4.3,3,XL,Women,2025-05-19T08:56:30.596360,1696480.0
Jacket 360,4.8,3,XXL,Unisex,2025-05-19T08:56:30.596452,8788320.0
T-shirt 362,5.0,3,M,Women,2025-05-19T08:56:32.892869,4776800.0
Hoodie 363,3.2,3,L,Unisex,2025-05-19T08:56:32.892964,1171360.0
Pants 364,4.8,3,XL,Men,2025-05-19T08:56:32.893054,4972800.0
Outerwear 365,4.5,3,XXL,Women,2025-05-19T08:56:32.893142,6956480.0
Jacket 366,4.9,3,S,Unisex,2025-05-19T08:56:32.893233,5854880.0
Crewneck 367,4.9,3,M,Men,2025-05-19T08:56:32.893322,8359360.000000001
T-shirt 368,3.2,3,L,Women,2025-05-19T08:56:32.893412,965120.0
Hoodie 369,4.7,3,XL,Unisex,2025-05-19T08:56:32.893500,7204960.0
Pants 370,3.6,3,XXL,Men,2025-05-19T08:56:32.893589,4559680.0
Jacket 372,3.6,3,M,Unisex,2025-05-19T08:56:32.893762,5052960.0
Crewneck 373,3.6,3,L,Men,2025-05-19T08:56:32.893851,2231040.0
T-shirt 374,3.9,3,XL,Women,2025-05-19T08:56:32.893948,7697120.0
Hoodie 375,3.9,3,XXL,Unisex,2025-05-19T08:56:32.894037,7027520.0
Outerwear 377,4.8,3,M,Women,2025-05-19T08:56:32.894202,6802080.0
Jacket 378,3.6,3,L,Unisex,2025-05-19T08:56:32.894291,3402400.0
Crewneck 379,4.4,3,XL,Men,2025-05-19T08:56:32.894389,3963200.0
T-shirt 380,3.8,3,XXL,Women,2025-05-19T08:56:32.894479,2547040.0
Pants 382,4.4,3,M,Men,2025-05-19T08:56:35.121836,1356160.0
Outerwear 383,3.4,3,L,Women,2025-05-19T08:56:35.121931,3431040.0
Jacket 384,3.3,3,XL,Unisex,2025-05-19T08:56:35.122021,1452960.0
Crewneck 385,4.9,3,XXL,Men,2025-05-19T08:56:35.122113,7950720.0
T-shirt 386,4.6,3,S,Women,2025-05-19T08:56:35.122204,4793600.0
Hoodie 387,4.2,3,M,Unisex,2025-05-19T08:56:35.122294,8418080.0
Pants 388,3.1,3,L,Men,2025-05-19T08:56:35.122384,931200.0
Outerwear 389,5.0,3,XL,Women,2025-05-19T08:56:35.122474,2883200.0
Jacket 390,3.3,3,XXL,Unisex,2025-05-19T08:56:35.122564,5432960.0
T-shirt 392,4.4,3,M,Women,2025-05-19T08:56:35.122746,1226080.0
Hoodie 393,3.2,3,L,Unisex,2025-05-19T08:56:35.122834,4068480.0
Pants 394,3.3,3,XL,Men,2025-05-19T08:56:35.122922,3540000.0
Outerwear 395,4.0,3,XXL,Women,2025-05-19T08:56:35.123011,3098720.0
Jacket 396,3.9,3,S,Unisex,2025-05-19T08:56:35.123100,2505280.0
Crewneck 397,3.6,3,M,Men,2025-05-19T08:56:35.123195,855360.0
T-shirt 398,4.7,3,L,Women,2025-05-19T08:56:35.123285,4592800.0
Hoodie 399,3.6,3,XL,Unisex,2025-05-19T08:56:35.123373,2523520.0
Pants 400,4.7,3,XXL,Men,2025-05-19T08:56:35.123461,6020640.0
Jacket 402,4.6,3,M,Unisex,2025-05-19T08:56:37.582687,2029120.0
Crewneck 403,4.1,3,L,Men,2025-05-19T08:56:37.582782,1580320.0
T-shirt 404,4.9,3,XL,Women,2025-05-19T08:56:37.582877,3501120.0
Hoodie 405,3.8,3,XXL,Unisex,2025-05-19T08:56:37.582971,5080160.0
Outerwear 407,3.7,3,M,Women,2025-05-19T08:56:37.583141,2761280.0
Jacket 408,4.9,3,L,Unisex,2025-05-19T08:56:37.583232,4176000.0
Crewneck 409,3.5,3,XL,Men,2025-05-19T08:56:37.583320,3221760.0
T-shirt 410,3.1,3,XXL,Women,2025-05-19T08:56:37.583408,1586720.0
Pants 412,4.4,3,M,Men,2025-05-19T08:56:37.583585,5438240.0
Outerwear 413,3.4,3,L,Women,2025-05-19T08:56:37.583673,1306400.0
Jacket 414,3.7,3,XL,Unisex,2025-05-19T08:56:37.583762,2234720.0
Crewneck 415,3.1,3,XXL,Men,2025-05-19T08:56:37.583850,3617440.0
T-shirt 416,3.1,3,S,Women,2025-05-19T08:56:37.583946,4454080.0
Hoodie 417,4.6,3,M,Unisex,2025-05-19T08:56:37.584047,2769440.0
Pants 418,5.0,3,L,Men,2025-05-19T08:56:37.584143,6307840.0
Outerwear 419,5.0,3,XL,Women,2025-05-19T08:56:37.584243,7004000.0
Jacket 420,3.1,3,XXL,Unisex,2025-05-19T08:56:37.584345,2472640.0
T-shirt 422,3.9,3,M,Women,2025-05-19T08:56:39.887314,924320.0
Hoodie 423,3.7,3,L,Unisex,2025-05-19T08:56:39.887411,4601760.0
Pants 424,4.4,3,XL,Men,2025-05-19T08:56:39.887500,3865760.0
Outerwear 425,4.8,3,XXL,Women,2025-05-19T08:56:39.887588,2528480.0
Jacket 426,3.4,3,S,Unisex,2025-05-19T08:56:39.887677,3462400.0
Crewneck 427,3.3,3,M,Men,2025-05-19T08:56:39.887768,6375200.0
T-shirt 428,4.9,3,L,Women,2025-05-19T08:56:39.887857,7053120.0
Hoodie 429,4.9,3,XL,Unisex,2025-05-19T08:56:39.887945,1658560.0
Pants 430,3.9,3,XXL,Men,2025-05-19T08:56:39.888034,1442080.0
Jacket 432,4.5,3,M,Unisex,2025-05-19T08:56:39.888218,2151840.0
Crewneck 433,4.2,3,L,Men,2025-05-19T08:56:39.888306,3872480.0
T-shirt 434,4.9,3,XL,Women,2025-05-19T08:56:39.888391,6557120.0
Hoodie 435,4.0,3,XXL,Unisex,2025-05-19T08:56:39.888477,1015680.0
Outerwear 437,3.9,3,M,Women,2025-05-19T08:56:39.888636,1016800.0
Jacket 438,4.5,3,L,Unisex,2025-05-19T08:56:39.888721,2453120.0
Crewneck 439,3.2,3,XL,Men,2025-05-19T08:56:39.888806,4005440.0
T-shirt 440,3.0,3,XXL,Women,2025-05-19T08:56:39.888892,5326080.0
Pants 442,4.3,3,M,Men,2025-05-19T08:56:41.996798,4701600.0
Outerwear 443,4.2,3,L,Women,2025-05-19T08:56:41.996918,7262720.0
Jacket 444,3.3,3,XL,Unisex,2025-05-19T08:56:41.997022,4016960.0
Crewneck 445,4.5,3,XXL,Men,2025-05-19T08:56:41.997130,3574240.0
T-shirt 446,3.2,3,S,Women,2025-05-19T08:56:41.997236,7740160.0
Hoodie 447,4.0,3,M,Unisex,2025-05-19T08:56:41.997372,4748640.0
Pants 448,4.4,3,L,Men,2025-05-19T08:56:41.997478,820160.0
Outerwear 449,4.0,3,XL,Women,2025-05-19T08:56:41.997580,6410080.0
Jacket 450,3.1,3,XXL,Unisex,2025-05-19T08:56:41.997680,8754880.0
T-shirt 452,4.4,3,M,Women,2025-05-19T08:56:41.997879,6892800.0
Hoodie 453,4.2,3,L,Unisex,2025-05-19T08:56:41.997978,6576960.0
Pants 454,5.0,3,XL,Men,2025-05-19T08:56:41.998550,2179520.0
Outerwear 455,4.8,3,XXL,Women,2025-05-19T08:56:41.998973,1094080.0
Jacket 456,4.1,3,S,Unisex,2025-05-19T08:56:41.999089,8096000.0
Crewneck 457,4.8,3,M,Men,2025-05-19T08:56:41.999318,7342880.0
T-shirt 458,4.4,3,L,Women,2025-05-19T08:56:41.999539,4240000.0
Hoodie 459,3.5,3,XL,Unisex,2025-05-19T08:56:41.999656,3237280.0
Pants 460,3.6,3,XXL,Men,2025-05-19T08:56:41.999760,1880800.0
Jacket 462,4.5,3,M,Unisex,2025-05-19T08:56:44.249340,6767840.0
Crewneck 463,4.5,3,L,Men,2025-05-19T08:56:44.249453,7539520.0
T-shirt 464,4.5,3,XL,Women,2025-05-19T08:56:44.249550,6070080.0
Hoodie 465,4.7,3,XXL,Unisex,2025-05-19T08:56:44.249645,6164320.0
Outerwear 467,3.5,3,M,Women,2025-05-19T08:56:44.249815,1325920.0
Jacket 468,3.7,3,L,Unisex,2025-05-19T08:56:44.249906,4584960.0
Crewneck 469,4.2,3,XL,Men,2025-05-19T08:56:44.249997,1738880.0
T-shirt 470,3.1,3,XXL,Women,2025-05-19T08:56:44.250091,7738880.0
Pants 472,3.1,3,M,Men,2025-05-19T08:56:44.250280,3902080.0
Outerwear 473,4.2,3,L,Women,2025-05-19T08:56:44.250372,5478080.0
Jacket 474,4.7,3,XL,Unisex,2025-05-19T08:56:44.250465,5864960.0
Crewneck 475,4.6,3,XXL,Men,2025-05-19T08:56:44.250559,7017280.0
T-shirt 476,4.3,3,S,Women,2025-05-19T08:56:44.250652,3986240.0
Hoodie 477,4.2,3,M,Unisex,2025-05-19T08:56:44.250744,6626080.0
Pants 478,3.8,3,L,Men,2025-05-19T08:56:44.250836,4912000.0
Outerwear 479,4.4,3,XL,Women,2025-05-19T08:56:44.250928,7302400.0
Jacket 480,4.2,3,XXL,Unisex,2025-05-19T08:56:44.251026,4986240.0
T-shirt 482,4.8,3,M,Women,2025-05-19T08:56:46.718728,3352480.0
Hoodie 483,4.2,3,L,Unisex,2025-05-19T08:56:46.718851,4035040.0
Pants 484,4.1,3,XL,Men,2025-05-19T08:56:46.718982,6428640.0
Outerwear 485,4.7,3,XXL,Women,2025-05-19T08:56:46.719101,4044480.0
Jacket 486,3.0,3,S,Unisex,2025-05-19T08:56:46.719220,2573760.0
Crewneck 487,3.7,3,M,Men,2025-05-19T08:56:46.719335,6955520.0
T-shirt 488,3.8,3,L,Women,2025-05-19T08:56:46.719554,8789760.0
Hoodie 489,5.0,3,XL,Unisex,2025-05-19T08:56:46.719719,3554560.0
Pants 490,3.1,3,XXL,Men,2025-05-19T08:56:46.719863,7081600.0
Jacket 492,3.0,3,M,Unisex,2025-05-19T08:56:46.720147,6011840.0
Crewneck 493,4.8,3,L,Men,2025-05-19T08:56:46.720266,5071520.0
T-shirt 494,3.4,3,XL,Women,2025-05-19T08:56:46.720380,1390080.0
Hoodie 495,4.5,3,XXL,Unisex,2025-05-19T08:56:46.720503,1663200.0
Outerwear 497,4.4,3,M,Women,2025-05-19T08:56:46.720722,3957760.0
Jacket 498,4.6,3,L,Unisex,2025-05-19T08:56:46.720842,4412800.0
Crewneck 499,4.1,3,XL,Men,2025-05-19T08:56:46.720967,7825920.0
T-shirt 500,4.2,3,XXL,Women,2025-05-19T08:56:46.721083,8114400.0
Pants 502,4.4,3,M,Men,2025-05-19T08:56:48.814139,7132480.0
Outerwear 503,4.8,3,L,Women,2025-05-19T08:56:48.814365,4924480.0
Jacket 504,5.0,3,XL,Unisex,2025-05-19T08:56:48.814606,8024480.0
Crewneck 505,4.3,3,XXL,Men,2025-05-19T08:56:48.814846,8747680.0
T-shirt 506,3.6,3,S,Women,2025-05-19T08:56:48.815085,8572000.0
Hoodie 507,4.7,3,M,Unisex,2025-05-19T08:56:48.815363,6844000.0
Pants 508,3.5,3,L,Men,2025-05-19T08:56:48.815581,7766080.0
Outerwear 509,3.1,3,XL,Women,2025-05-19T08:56:48.815819,7178400.0
Jacket 510,3.4,3,XXL,Unisex,2025-05-19T08:56:48.816072,1562080.0
T-shirt 512,3.7,3,M,Women,2025-05-19T08:56:48.816372,4319680.0
Hoodie 513,4.4,3,L,Unisex,2025-05-19T08:56:48.816490,1693760.0
Pants 514,3.9,3,XL,Men,2025-05-19T08:56:48.816611,6888960.0
Outerwear 515,3.1,3,XXL,Women,2025-05-19T08:56:48.816729,7262560.0
Jacket 516,3.4,3,S,Unisex,2025-05-19T08:56:48.816843,7130720.0
Crewneck 517,3.5,3,M,Men,2025-05-19T08:56:48.816997,1069280.0
T-shirt 518,4.1,3,L,Women,2025-05-19T08:56:48.817332,2575680.0
Hoodie 519,4.5,3,XL,Unisex,2025-05-19T08:56:48.817455,2236160.0
Pants 520,3.8,3,XXL,Men,2025-05-19T08:56:48.817559,2308320.0
Jacket 522,4.0,3,M,Unisex,2025-05-19T08:56:50.923122,6292960.0
Crewneck 523,4.6,3,L,Men,2025-05-19T08:56:50.923245,3626720.0
T-shirt 524,3.8,3,XL,Women,2025-05-19T08:56:50.923384,936000.0
Hoodie 525,3.6,3,XXL,Unisex,2025-05-19T08:56:50.923499,7919040.0
Outerwear 527,3.6,3,M,Women,2025-05-19T08:56:50.923719,4669280.0
Jacket 528,4.0,3,L,Unisex,2025-05-19T08:56:50.923834,5595840.0
Crewneck 529,3.2,3,XL,Men,2025-05-19T08:56:50.923946,1420160.0
T-shirt 530,3.3,3,XXL,Women,2025-05-19T08:56:50.924058,6173760.0
Pants 532,4.1,3,M,Men,2025-05-19T08:56:50.924285,8391200.0
Outerwear 533,4.2,3,L,Women,2025-05-19T08:56:50.924399,3370240.0
Jacket 534,3.7,3,XL,Unisex,2025-05-19T08:56:50.924510,3479200.0
Crewneck 535,3.7,3,XXL,Men,2025-05-19T08:56:50.924623,3901280.0
T-shirt 536,3.0,3,S,Women,2025-05-19T08:56:50.924738,5092480.0
Hoodie 537,3.1,3,M,Unisex,2025-05-19T08:56:50.924923,8671840.0
Pants 538,3.4,3,L,Men,2025-05-19T08:56:50.925138,6134240.0
Outerwear 539,4.7,3,XL,Women,2025-05-19T08:56:50.925402,4692640.0
Jacket 540,4.4,3,XXL,Unisex,2025-05-19T08:56:50.925613,7051840.0
T-shirt 542,3.5,3,M,Women,2025-05-19T08:56:53.403030,4761440.0
Hoodie 543,4.7,3,L,Unisex,2025-05-19T08:56:53.403154,8715680.0
Pants 544,3.1,3,XL,Men,2025-05-19T08:56:53.403269,5957760.0
Outerwear 545,4.0,3,XXL,Women,2025-05-19T08:56:53.403383,3579360.0
Jacket 546,3.3,3,S,Unisex,2025-05-19T08:56:53.403497,6271520.0
Crewneck 547,3.9,3,M,Men,2025-05-19T08:56:53.403611,5361120.0
T-shirt 548,4.6,3,L,Women,2025-05-19T08:56:53.403722,2686240.0
Hoodie 549,3.7,3,XL,Unisex,2025-05-19T08:56:53.403841,2687200.0
Pants 550,4.9,3,XXL,Men,2025-05-19T08:56:53.403953,4450080.0
Jacket 552,4.1,3,M,Unisex,2025-05-19T08:56:53.404182,5380320.0
Crewneck 553,3.8,3,L,Men,2025-05-19T08:56:53.404298,7760800.0
T-shirt 554,4.5,3,XL,Women,2025-05-19T08:56:53.404548,4001120.0
Hoodie 555,3.0,3,XXL,Unisex,2025-05-19T08:56:53.404775,1809600.0
Outerwear 557,3.4,3,M,Women,2025-05-19T08:56:53.405200,5460480.0
Jacket 558,4.0,3,L,Unisex,2025-05-19T08:56:53.405401,5007040.0
Crewneck 559,3.5,3,XL,Men,2025-05-19T08:56:53.405573,1590880.0
T-shirt 560,4.2,3,XXL,Women,2025-05-19T08:56:53.405767,6885280.0
Pants 562,4.5,3,M,Men,2025-05-19T08:56:55.627748,3724160.0
Outerwear 563,4.7,3,L,Women,2025-05-19T08:56:55.627954,8197440.000000001
Jacket 564,4.3,3,XL,Unisex,2025-05-19T08:56:55.628104,8319200.000000001
Crewneck 565,3.5,3,XXL,Men,2025-05-19T08:56:55.628275,7635200.0
T-shirt 566,4.6,3,S,Women,2025-05-19T08:56:55.628477,2611360.0
Hoodie 567,3.2,3,M,Unisex,2025-05-19T08:56:55.628647,4576160.0
Pants 568,3.3,3,L,Men,2025-05-19T08:56:55.628767,2984160.0
Outerwear 569,4.7,3,XL,Women,2025-05-19T08:56:55.628886,4966880.0
Jacket 570,3.9,3,XXL,Unisex,2025-05-19T08:56:55.629006,4000960.0
T-shirt 572,3.2,3,M,Women,2025-05-19T08:56:55.629237,4756320.0
Hoodie 573,4.5,3,L,Unisex,2025-05-19T08:56:55.629353,6954080.0
Pants 574,3.8,3,XL,Men,2025-05-19T08:56:55.629474,2424000.0
Outerwear 575,3.4,3,XXL,Women,2025-05-19T08:56:55.629590,3517760.0
Jacket 576,3.5,3,S,Unisex,2025-05-19T08:56:55.629704,805600.0
Crewneck 577,3.3,3,M,Men,2025-05-19T08:56:55.629821,7873920.0
T-shirt 578,4.1,3,L,Women,2025-05-19T08:56:55.629937,7958880.0
Hoodie 579,4.4,3,XL,Unisex,2025-05-19T08:56:55.630075,4428640.0
Pants 580,3.3,3,XXL,Men,2025-05-19T08:56:55.630189,2625440.0
Jacket 582,4.1,3,M,Unisex,2025-05-19T08:56:57.725002,4112160.0
Crewneck 583,4.5,3,L,Men,2025-05-19T08:56:57.725247,5737760.0
T-shirt 584,4.8,3,XL,Women,2025-05-19T08:56:57.725395,6964960.0
Hoodie 585,4.9,3,XXL,Unisex,2025-05-19T08:56:57.725529,6186880.0
Outerwear 587,4.4,3,M,Women,2025-05-19T08:56:57.725903,4424960.0
Jacket 588,4.7,3,L,Unisex,2025-05-19T08:56:57.726049,4963040.0
Crewneck 589,4.7,3,XL,Men,2025-05-19T08:56:57.726238,931840.0
T-shirt 590,3.9,3,XXL,Women,2025-05-19T08:56:57.726359,6457120.0
Pants 592,4.3,3,M,Men,2025-05-19T08:56:57.726588,6805440.0
Outerwear 593,3.9,3,L,Women,2025-05-19T08:56:57.726700,7163840.0
Jacket 594,4.2,3,XL,Unisex,2025-05-19T08:56:57.726823,8707680.0
Crewneck 595,3.5,3,XXL,Men,2025-05-19T08:56:57.726937,3723840.0
T-shirt 596,4.4,3,S,Women,2025-05-19T08:56:57.727079,8290400.0
Hoodie 597,3.3,3,M,Unisex,2025-05-19T08:56:57.727355,7969440.0
Pants 598,4.1,3,L,Men,2025-05-19T08:56:57.727490,4714080.0
Outerwear 599,3.3,3,XL,Women,2025-05-19T08:56:57.727613,1179040.0
Jacket 600,3.0,3,XXL,Unisex,2025-05-19T08:56:57.727733,6414080.0
T-shirt 602,4.4,3,M,Women,2025-05-19T08:56:59.909764,2260960.0
Hoodie 603,3.1,3,L,Unisex,2025-05-19T08:56:59.909887,7511520.0
Pants 604,4.3,3,XL,Men,2025-05-19T08:56:59.910004,7662240.0
Outerwear 605,3.7,3,XXL,Women,2025-05-19T08:56:59.910117,1710720.0
Jacket 606,4.6,3,S,Unisex,2025-05-19T08:56:59.910229,5770720.0
Crewneck 607,3.1,3,M,Men,2025-05-19T08:56:59.910345,3857600.0
T-shirt 608,4.6,3,L,Women,2025-05-19T08:56:59.910456,7047840.0
Hoodie 609,4.1,3,XL,Unisex,2025-05-19T08:56:59.910571,2956320.0
Pants 610,3.3,3,XXL,Men,2025-05-19T08:56:59.910687,4515360.0
Jacket 612,3.1,3,M,Unisex,2025-05-19T08:56:59.910910,3202720.0
Crewneck 613,3.6,3,L,Men,2025-05-19T08:56:59.911020,1013920.0
T-shirt 614,3.1,3,XL,Women,2025-05-19T08:56:59.911129,2428160.0
Hoodie 615,4.8,3,XXL,Unisex,2025-05-19T08:56:59.911251,4798720.0
Outerwear 617,4.3,3,M,Women,2025-05-19T08:56:59.911461,1765920.0
Jacket 618,3.3,3,L,Unisex,2025-05-19T08:56:59.911568,6474080.0
Crewneck 619,4.4,3,XL,Men,2025-05-19T08:56:59.911694,8340639.999999999
T-shirt 620,3.3,3,XXL,Women,2025-05-19T08:56:59.912014,2270240.0
Pants 622,3.5,3,M,Men,2025-05-19T08:57:02.207050,4849600.0
Outerwear 623,4.6,3,L,Women,2025-05-19T08:57:02.207252,7299520.0
Jacket 624,3.9,3,XL,Unisex,2025-05-19T08:57:02.207417,6943200.0
Crewneck 625,4.1,3,XXL,Men,2025-05-19T08:57:02.207552,7826400.0
T-shirt 626,4.5,3,S,Women,2025-05-19T08:57:02.207676,7777440.0
Hoodie 627,3.2,3,M,Unisex,2025-05-19T08:57:02.207795,1232320.0
Pants 628,4.3,3,L,Men,2025-05-19T08:57:02.207913,8113120.0
Outerwear 629,4.4,3,XL,Women,2025-05-19T08:57:02.208028,3997920.0
Jacket 630,3.8,3,XXL,Unisex,2025-05-19T08:57:02.208140,1003680.0
T-shirt 632,3.6,3,M,Women,2025-05-19T08:57:02.208370,4314240.0
Hoodie 633,3.1,3,L,Unisex,2025-05-19T08:57:02.208498,3128000.0
Pants 634,3.9,3,XL,Men,2025-05-19T08:57:02.208610,8535680.0
Outerwear 635,4.1,3,XXL,Women,2025-05-19T08:57:02.208722,6897120.0
Jacket 636,4.5,3,S,Unisex,2025-05-19T08:57:02.208834,3476320.0
Crewneck 637,4.0,3,M,Men,2025-05-19T08:57:02.208945,6030240.0
T-shirt 638,4.6,3,L,Women,2025-05-19T08:57:02.209055,5220960.0
Hoodie 639,4.7,3,XL,Unisex,2025-05-19T08:57:02.209169,6782720.0
Pants 640,3.8,3,XXL,Men,2025-05-19T08:57:02.209279,3038560.0
Jacket 642,4.7,3,M,Unisex,2025-05-19T08:57:04.424295,7747360.0
Crewneck 643,3.2,3,L,Men,2025-05-19T08:57:04.424415,6116000.0
T-shirt 644,4.2,3,XL,Women,2025-05-19T08:57:04.424533,7479360.0
Hoodie 645,3.3,3,XXL,Unisex,2025-05-19T08:57:04.424649,3285440.0
Outerwear 647,3.8,3,M,Women,2025-05-19T08:57:04.424852,4304960.0
Jacket 648,4.5,3,L,Unisex,2025-05-19T08:57:04.424963,8699520.0
Crewneck 649,3.2,3,XL,Men,2025-05-19T08:57:04.425074,8588160.0
T-shirt 650,3.4,3,XXL,Women,2025-05-19T08:57:04.425192,8012800.0
Pants 652,3.3,3,M,Men,2025-05-19T08:57:04.425474,6084960.0
Outerwear 653,4.0,3,L,Women,2025-05-19T08:57:04.425582,2622080.0
Jacket 654,4.7,3,XL,Unisex,2025-05-19T08:57:04.425703,4089440.0
Crewneck 655,4.1,3,XXL,Men,2025-05-19T08:57:04.425815,1834240.0
T-shirt 656,4.2,3,S,Women,2025-05-19T08:57:04.426054,2538720.0
Hoodie 657,4.8,3,M,Unisex,2025-05-19T08:57:04.426310,8459040.0
Pants 658,3.8,3,L,Men,2025-05-19T08:57:04.426520,6268320.0
Outerwear 659,3.3,3,XL,Women,2025-05-19T08:57:04.426733,1817920.0
Jacket 660,3.5,3,XXL,Unisex,2025-05-19T08:57:04.426875,8715200.0
T-shirt 662,4.5,3,M,Women,2025-05-19T08:57:06.889805,1422720.0
Hoodie 663,4.0,3,L,Unisex,2025-05-19T08:57:06.889926,7087200.0
Pants 664,3.5,3,XL,Men,2025-05-19T08:57:06.890043,8248639.999999999
Outerwear 665,3.2,3,XXL,Women,2025-05-19T08:57:06.890156,4033600.0
Jacket 666,3.9,3,S,Unisex,2025-05-19T08:57:06.890273,4844000.0
Crewneck 667,3.7,3,M,Men,2025-05-19T08:57:06.890385,1756640.0
T-shirt 668,3.7,3,L,Women,2025-05-19T08:57:06.890510,5044640.0
Hoodie 669,3.3,3,XL,Unisex,2025-05-19T08:57:06.890623,2346080.0
Pants 670,4.8,3,XXL,Men,2025-05-19T08:57:06.890738,8406720.0
Jacket 672,4.5,3,M,Unisex,2025-05-19T08:57:06.890991,4776160.0
Crewneck 673,4.7,3,L,Men,2025-05-19T08:57:06.891111,2803360.0
T-shirt 674,3.1,3,XL,Women,2025-05-19T08:57:06.891227,3156640.0
Hoodie 675,3.2,3,XXL,Unisex,2025-05-19T08:57:06.891476,4314880.0
Outerwear 677,3.3,3,M,Women,2025-05-19T08:57:06.891926,4657440.0
Jacket 678,4.3,3,L,Unisex,2025-05-19T08:57:06.892133,2777120.0
Crewneck 679,3.2,3,XL,Men,2025-05-19T08:57:06.892266,6373120.0
T-shirt 680,3.2,3,XXL,Women,2025-05-19T08:57:06.892386,8164800.0
Pants 682,3.9,3,M,Men,2025-05-19T08:57:09.193742,7616480.0
Outerwear 683,3.6,3,L,Women,2025-05-19T08:57:09.193864,3907360.0
Jacket 684,3.5,3,XL,Unisex,2025-05-19T08:57:09.193984,7102560.0
Crewneck 685,4.6,3,XXL,Men,2025-05-19T08:57:09.194115,1495840.0
T-shirt 686,3.8,3,S,Women,2025-05-19T08:57:09.194231,5381760.0
Hoodie 687,4.7,3,M,Unisex,2025-05-19T08:57:09.194347,4220800.0
Pants 688,4.4,3,L,Men,2025-05-19T08:57:09.194459,1487520.0
Outerwear 689,4.6,3,XL,Women,2025-05-19T08:57:09.194570,1939040.0
Jacket 690,4.7,3,XXL,Unisex,2025-05-19T08:57:09.194681,8782560.0
T-shirt 692,4.1,3,M,Women,2025-05-19T08:57:09.194915,1416480.0
Hoodie 693,4.1,3,L,Unisex,2025-05-19T08:57:09.195026,3031680.0
Pants 694,3.4,3,XL,Men,2025-05-19T08:57:09.195167,2466720.0
Outerwear 695,3.3,3,XXL,Women,2025-05-19T08:57:09.195310,959360.0
Jacket 696,4.2,3,S,Unisex,2025-05-19T08:57:09.195424,5146240.0
Crewneck 697,5.0,3,M,Men,2025-05-19T08:57:09.195536,6545120.0
T-shirt 698,4.1,3,L,Women,2025-05-19T08:57:09.195644,2444960.0
Hoodie 699,4.5,3,XL,Unisex,2025-05-19T08:57:09.195754,5250240.0
Pants 700,4.3,3,XXL,Men,2025-05-19T08:57:09.195864,3526560.0
Jacket 702,4.3,3,M,Unisex,2025-05-19T08:57:11.433006,4927680.0
Crewneck 703,4.2,3,L,Men,2025-05-19T08:57:11.433233,2949120.0
T-shirt 704,4.1,3,XL,Women,2025-05-19T08:57:11.433468,6214240.0
Hoodie 705,3.1,3,XXL,Unisex,2025-05-19T08:57:11.433724,3042880.0
Outerwear 707,4.4,3,M,Women,2025-05-19T08:57:11.434122,7746240.0
Jacket 708,4.3,3,L,Unisex,2025-05-19T08:57:11.434319,8541280.0
Crewneck 709,3.9,3,XL,Men,2025-05-19T08:57:11.434522,7022400.0
T-shirt 710,3.2,3,XXL,Women,2025-05-19T08:57:11.434733,3751520.0
Pants 712,4.1,3,M,Men,2025-05-19T08:57:11.435041,1510400.0
Outerwear 713,4.4,3,L,Women,2025-05-19T08:57:11.435169,3142880.0
Jacket 714,3.1,3,XL,Unisex,2025-05-19T08:57:11.435289,892320.0
Crewneck 715,3.9,3,XXL,Men,2025-05-19T08:57:11.435407,7021760.0
T-shirt 716,4.9,3,S,Women,2025-05-19T08:57:11.435525,3602560.0
Hoodie 717,3.6,3,M,Unisex,2025-05-19T08:57:11.435660,1532800.0
Pants 718,3.2,3,L,Men,2025-05-19T08:57:11.435776,4057120.0
Outerwear 719,4.7,3,XL,Women,2025-05-19T08:57:11.435905,3172960.0
Jacket 720,3.8,3,XXL,Unisex,2025-05-19T08:57:11.436021,2028320.0
T-shirt 722,3.2,3,M,Women,2025-05-19T08:57:13.676023,8724320.0
Hoodie 723,3.4,3,L,Unisex,2025-05-19T08:57:13.676227,5664800.0
Pants 724,4.7,3,XL,Men,2025-05-19T08:57:13.676435,4824800.0
Outerwear 725,3.0,3,XXL,Women,2025-05-19T08:57:13.676640,4979200.0
Jacket 726,3.5,3,S,Unisex,2025-05-19T08:57:13.676828,6345920.0
Crewneck 727,4.8,3,M,Men,2025-05-19T08:57:13.677022,4024000.0
T-shirt 728,3.0,3,L,Women,2025-05-19T08:57:13.677288,8173440.0
Hoodie 729,3.6,3,XL,Unisex,2025-05-19T08:57:13.677613,6431360.0
Pants 730,4.5,3,XXL,Men,2025-05-19T08:57:13.677856,7228800.0
Jacket 732,3.9,3,M,Unisex,2025-05-19T08:57:13.678218,6597600.0
Crewneck 733,4.7,3,L,Men,2025-05-19T08:57:13.678380,1162880.0
T-shirt 734,4.2,3,XL,Women,2025-05-19T08:57:13.678542,6858560.0
Hoodie 735,4.0,3,XXL,Unisex,2025-05-19T08:57:13.678721,4664320.0
Outerwear 737,4.7,3,M,Women,2025-05-19T08:57:13.679022,1015680.0
Jacket 738,3.7,3,L,Unisex,2025-05-19T08:57:13.679210,1893920.0
Crewneck 739,3.3,3,XL,Men,2025-05-19T08:57:13.679427,8072960.0
T-shirt 740,3.4,3,XXL,Women,2025-05-19T08:57:13.679649,7016640.0
Pants 742,3.6,3,M,Men,2025-05-19T08:57:15.777189,5626080.0
Outerwear 743,3.0,3,L,Women,2025-05-19T08:57:15.777414,5678080.0
Jacket 744,4.1,3,XL,Unisex,2025-05-19T08:57:15.777635,5175680.0
Crewneck 745,3.8,3,XXL,Men,2025-05-19T08:57:15.777845,2882560.0
T-shirt 746,5.0,3,S,Women,2025-05-19T08:57:15.778071,1517440.0
Hoodie 747,4.7,3,M,Unisex,2025-05-19T08:57:15.778284,6326880.0
Pants 748,3.7,3,L,Men,2025-05-19T08:57:15.778464,3134080.0
Outerwear 749,3.2,3,XL,Women,2025-05-19T08:57:15.778588,2627360.0
Jacket 750,3.7,3,XXL,Unisex,2025-05-19T08:57:15.778707,1030400.0000000001
T-shirt 752,3.8,3,M,Women,2025-05-19T08:57:15.779051,7431520.0
Hoodie 753,4.8,3,L,Unisex,2025-05-19T08:57:15.779174,8137600.0
Pants 754,3.1,3,XL,Men,2025-05-19T08:57:15.779297,7229760.0
Outerwear 755,4.6,3,XXL,Women,2025-05-19T08:57:15.779420,6910400.0
Jacket 756,3.1,3,S,Unisex,2025-05-19T08:57:15.779596,7128000.0
Crewneck 757,4.4,3,M,Men,2025-05-19T08:57:15.779745,7582720.0
T-shirt 758,3.1,3,L,Women,2025-05-19T08:57:15.779902,6025920.0
Hoodie 759,4.7,3,XL,Unisex,2025-05-19T08:57:15.780071,2779840.0
Pants 760,4.1,3,XXL,Men,2025-05-19T08:57:15.780232,2191040.0
Jacket 762,4.9,3,M,Unisex,2025-05-19T08:57:18.278838,4091840.0
Crewneck 763,3.9,3,L,Men,2025-05-19T08:57:18.278972,5792640.0
T-shirt 764,3.4,3,XL,Women,2025-05-19T08:57:18.279088,7211680.0
Hoodie 765,4.9,3,XXL,Unisex,2025-05-19T08:57:18.279204,1343360.0
Outerwear 767,4.5,3,M,Women,2025-05-19T08:57:18.279419,4152800.0
Jacket 768,4.9,3,L,Unisex,2025-05-19T08:57:18.279533,5662080.0
Crewneck 769,3.3,3,XL,Men,2025-05-19T08:57:18.279645,6294560.0
T-shirt 770,3.5,3,XXL,Women,2025-05-19T08:57:18.279757,1655040.0
Pants 772,3.4,3,M,Men,2025-05-19T08:57:18.279980,8748160.0
Outerwear 773,3.2,3,L,Women,2025-05-19T08:57:18.280092,3393600.0
Jacket 774,4.1,3,XL,Unisex,2025-05-19T08:57:18.280211,1485760.0
Crewneck 775,3.1,3,XXL,Men,2025-05-19T08:57:18.280325,8189440.0
T-shirt 776,3.7,3,S,Women,2025-05-19T08:57:18.280440,5333120.0
Hoodie 777,3.4,3,M,Unisex,2025-05-19T08:57:18.280549,6104800.0
Pants 778,4.2,3,L,Men,2025-05-19T08:57:18.280663,6034720.0
Outerwear 779,3.2,3,XL,Women,2025-05-19T08:57:18.280777,5816480.0
Jacket 780,3.4,3,XXL,Unisex,2025-05-19T08:57:18.280890,2767520.0
T-shirt 782,4.5,3,M,Women,2025-05-19T08:57:20.742042,4117439.9999999995
Hoodie 783,3.0,3,L,Unisex,2025-05-19T08:57:20.742309,2510720.0
Pants 784,3.0,3,XL,Men,2025-05-19T08:57:20.742524,5341280.0
Outerwear 785,4.3,3,XXL,Women,2025-05-19T08:57:20.742729,6444480.0
Jacket 786,5.0,3,S,Unisex,2025-05-19T08:57:20.742936,6749280.0
Crewneck 787,4.7,3,M,Men,2025-05-19T08:57:20.743135,4593600.0
T-shirt 788,4.7,3,L,Women,2025-05-19T08:57:20.743313,3041120.0
Hoodie 789,4.0,3,XL,Unisex,2025-05-19T08:57:20.743514,2153280.0
Pants 790,3.2,3,XXL,Men,2025-05-19T08:57:20.743719,1708320.0
Jacket 792,3.8,3,M,Unisex,2025-05-19T08:57:20.744021,4068960.0
Crewneck 793,4.0,3,L,Men,2025-05-19T08:57:20.744152,8650080.0
T-shirt 794,4.0,3,XL,Women,2025-05-19T08:57:20.744265,5983040.0
Hoodie 795,3.9,3,XXL,Unisex,2025-05-19T08:57:20.744381,4209600.0
Outerwear 797,4.9,3,M,Women,2025-05-19T08:57:20.744592,2771360.0
Jacket 798,3.4,3,L,Unisex,2025-05-19T08:57:20.744707,4391040.0
Crewneck 799,4.2,3,XL,Men,2025-05-19T08:57:20.744820,4048800.0
T-shirt 800,4.6,3,XXL,Women,2025-05-19T08:57:20.744938,7433280.0
Pants 802,4.4,3,M,Men,2025-05-19T08:57:22.833790,5710240.0
Outerwear 803,4.3,3,L,Women,2025-05-19T08:57:22.833908,1875360.0
Jacket 804,3.9,3,XL,Unisex,2025-05-19T08:57:22.834020,4459040.0
Crewneck 805,4.8,3,XXL,Men,2025-05-19T08:57:22.834138,3266720.0
T-shirt 806,3.0,3,S,Women,2025-05-19T08:57:22.834250,7310560.0
Hoodie 807,4.7,3,M,Unisex,2025-05-19T08:57:22.834396,5016000.0
Pants 808,3.2,3,L,Men,2025-05-19T08:57:22.834511,8717760.0
Outerwear 809,3.7,3,XL,Women,2025-05-19T08:57:22.834620,7162560.0
Jacket 810,4.8,3,XXL,Unisex,2025-05-19T08:57:22.834728,3796640.0
T-shirt 812,4.2,3,M,Women,2025-05-19T08:57:22.834943,6406080.0
Hoodie 813,5.0,3,L,Unisex,2025-05-19T08:57:22.835052,4872800.0
Pants 814,4.7,3,XL,Men,2025-05-19T08:57:22.835159,1110080.0
Outerwear 815,4.8,3,XXL,Women,2025-05-19T08:57:22.835265,5985440.0
Jacket 816,4.5,3,S,Unisex,2025-05-19T08:57:22.835374,1649120.0
Crewneck 817,4.4,3,M,Men,2025-05-19T08:57:22.835485,8744160.0
T-shirt 818,3.8,3,L,Women,2025-05-19T08:57:22.835604,5160320.0
Hoodie 819,4.7,3,XL,Unisex,2025-05-19T08:57:22.835715,4742400.0
Pants 820,3.4,3,XXL,Men,2025-05-19T08:57:22.835825,6030720.0
Jacket 822,4.2,3,M,Unisex,2025-05-19T08:57:25.019089,838240.0
Crewneck 823,4.7,3,L,Men,2025-05-19T08:57:25.019193,6103520.0
T-shirt 824,4.1,3,XL,Women,2025-05-19T08:57:25.019297,3301440.0
Hoodie 825,3.8,3,XXL,Unisex,2025-05-19T08:57:25.019393,1058400.0
Outerwear 827,4.8,3,M,Women,2025-05-19T08:57:25.019579,7091040.0
Jacket 828,4.6,3,L,Unisex,2025-05-19T08:57:25.019673,2324000.0
Crewneck 829,4.4,3,XL,Men,2025-05-19T08:57:25.019764,4630400.0
T-shirt 830,3.0,3,XXL,Women,2025-05-19T08:57:25.019857,4496480.0
Pants 832,4.6,3,M,Men,2025-05-19T08:57:25.020045,3955360.0
Outerwear 833,3.0,3,L,Women,2025-05-19T08:57:25.020137,7101280.0
Jacket 834,3.1,3,XL,Unisex,2025-05-19T08:57:25.020228,7223680.0
Crewneck 835,3.9,3,XXL,Men,2025-05-19T08:57:25.020319,7143360.0
T-shirt 836,4.1,3,S,Women,2025-05-19T08:57:25.020411,6065440.0
Hoodie 837,5.0,3,M,Unisex,2025-05-19T08:57:25.020580,5532640.0
Pants 838,3.1,3,L,Men,2025-05-19T08:57:25.020679,2848800.0
Outerwear 839,3.9,3,XL,Women,2025-05-19T08:57:25.020773,4208320.0
Jacket 840,3.6,3,XXL,Unisex,2025-05-19T08:57:25.020871,8164640.0
T-shirt 842,3.3,3,M,Women,2025-05-19T08:57:27.400774,2859040.0
Hoodie 843,3.6,3,L,Unisex,2025-05-19T08:57:27.400875,2997120.0
Pants 844,3.9,3,XL,Men,2025-05-19T08:57:27.400968,7422880.0
Outerwear 845,3.2,3,XXL,Women,2025-05-19T08:57:27.401057,2023200.0
Jacket 846,3.6,3,S,Unisex,2025-05-19T08:57:27.401148,7480480.0
Crewneck 847,3.7,3,M,Men,2025-05-19T08:57:27.401243,4789920.0
T-shirt 848,4.1,3,L,Women,2025-05-19T08:57:27.401336,6134240.0
Hoodie 849,3.5,3,XL,Unisex,2025-05-19T08:57:27.401427,7816160.0
Pants 850,4.2,3,XXL,Men,2025-05-19T08:57:27.401519,4144160.0
Jacket 852,4.1,3,M,Unisex,2025-05-19T08:57:27.401700,2777280.0
Crewneck 853,3.4,3,L,Men,2025-05-19T08:57:27.401789,2643840.0
T-shirt 854,4.5,3,XL,Women,2025-05-19T08:57:27.401877,1600000.0
Hoodie 855,5.0,3,XXL,Unisex,2025-05-19T08:57:27.401966,3249760.0
Outerwear 857,3.0,3,M,Women,2025-05-19T08:57:27.402131,4532800.0
Jacket 858,3.7,3,L,Unisex,2025-05-19T08:57:27.402219,3748640.0
Crewneck 859,3.0,3,XL,Men,2025-05-19T08:57:27.402307,6418560.0
T-shirt 860,4.7,3,XXL,Women,2025-05-19T08:57:27.402394,2419360.0
Pants 862,3.3,3,M,Men,2025-05-19T08:57:29.704044,4131359.9999999995
Outerwear 863,4.0,3,L,Women,2025-05-19T08:57:29.704135,1071360.0
Jacket 864,4.5,3,XL,Unisex,2025-05-19T08:57:29.704227,2168000.0
Crewneck 865,3.9,3,XXL,Men,2025-05-19T08:57:29.704317,6805120.0
T-shirt 866,3.2,3,S,Women,2025-05-19T08:57:29.704408,2399040.0
Hoodie 867,3.3,3,M,Unisex,2025-05-19T08:57:29.704496,1303840.0
Pants 868,4.6,3,L,Men,2025-05-19T08:57:29.704581,7473760.0
Outerwear 869,4.5,3,XL,Women,2025-05-19T08:57:29.704679,6040320.0
Jacket 870,3.5,3,XXL,Unisex,2025-05-19T08:57:29.704768,6395040.0
T-shirt 872,4.3,3,M,Women,2025-05-19T08:57:29.704945,1343680.0
Hoodie 873,4.8,3,L,Unisex,2025-05-19T08:57:29.705031,8321600.0
Pants 874,4.4,3,XL,Men,2025-05-19T08:57:29.705117,2755200.0
Outerwear 875,4.6,3,XXL,Women,2025-05-19T08:57:29.705203,2506720.0
Jacket 876,4.6,3,S,Unisex,2025-05-19T08:57:29.705290,3225760.0
Crewneck 877,4.6,3,M,Men,2025-05-19T08:57:29.705382,4552640.0
T-shirt 878,4.7,3,L,Women,2025-05-19T08:57:29.705484,4809760.0
Hoodie 879,3.1,3,XL,Unisex,2025-05-19T08:57:29.705579,1026880.0000000001
Pants 880,4.3,3,XXL,Men,2025-05-19T08:57:29.705673,6497760.0
Jacket 882,3.3,3,M,Unisex,2025-05-19T08:57:31.852235,6420960.0
Crewneck 883,3.6,3,L,Men,2025-05-19T08:57:31.852332,5901120.0
T-shirt 884,4.3,3,XL,Women,2025-05-19T08:57:31.852430,7414720.0
Hoodie 885,3.4,3,XXL,Unisex,2025-05-19T08:57:31.852527,4760640.0
Outerwear 887,3.8,3,M,Women,2025-05-19T08:57:31.852707,7806400.0
Jacket 888,4.2,3,L,Unisex,2025-05-19T08:57:31.852798,7869280.0
Crewneck 889,4.6,3,XL,Men,2025-05-19T08:57:31.852890,6333920.0
T-shirt 890,4.7,3,XXL,Women,2025-05-19T08:57:31.852985,6439040.0
Pants 892,4.4,3,M,Men,2025-05-19T08:57:31.853164,8515360.0
Outerwear 893,3.2,3,L,Women,2025-05-19T08:57:31.853260,2673600.0
Jacket 894,4.8,3,XL,Unisex,2025-05-19T08:57:31.853349,2946560.0
Crewneck 895,4.3,3,XXL,Men,2025-05-19T08:57:31.853436,1126720.0
T-shirt 896,4.9,3,S,Women,2025-05-19T08:57:31.853524,7873760.0
Hoodie 897,3.1,3,M,Unisex,2025-05-19T08:57:31.853611,6077920.0
Pants 898,4.1,3,L,Men,2025-05-19T08:57:31.853700,8408640.0
Outerwear 899,4.8,3,XL,Women,2025-05-19T08:57:31.853795,6192960.0
Jacket 900,3.3,3,XXL,Unisex,2025-05-19T08:57:31.853885,7214240.0
T-shirt 902,3.6,3,M,Women,2025-05-19T08:57:34.065847,3164000.0
Hoodie 903,4.1,3,L,Unisex,2025-05-19T08:57:34.065943,2617920.0
Pants 904,3.9,3,XL,Men,2025-05-19T08:57:34.066032,3356320.0
Outerwear 905,4.9,3,XXL,Women,2025-05-19T08:57:34.066123,5027840.0
Jacket 906,3.9,3,S,Unisex,2025-05-19T08:57:34.066213,4301760.0
Crewneck 907,4.9,3,M,Men,2025-05-19T08:57:34.066301,8732640.0
T-shirt 908,4.2,3,L,Women,2025-05-19T08:57:34.066388,7954880.0
Hoodie 909,3.6,3,XL,Unisex,2025-05-19T08:57:34.066475,8383840.0
Pants 910,4.7,3,XXL,Men,2025-05-19T08:57:34.066562,2395200.0
Jacket 912,4.9,3,M,Unisex,2025-05-19T08:57:34.066742,7853280.0
Crewneck 913,3.5,3,L,Men,2025-05-19T08:57:34.066836,3222240.0
T-shirt 914,4.6,3,XL,Women,2025-05-19T08:57:34.066932,5799200.0
Hoodie 915,4.2,3,XXL,Unisex,2025-05-19T08:57:34.067032,2649120.0
Outerwear 917,4.0,3,M,Women,2025-05-19T08:57:34.067217,6061600.0
Jacket 918,3.3,3,L,Unisex,2025-05-19T08:57:34.067311,5380800.0
Crewneck 919,4.7,3,XL,Men,2025-05-19T08:57:34.067401,8364000.0
T-shirt 920,3.2,3,XXL,Women,2025-05-19T08:57:34.067490,3706080.0
Pants 922,4.4,3,M,Men,2025-05-19T08:57:36.405067,1210880.0
Outerwear 923,3.7,3,L,Women,2025-05-19T08:57:36.405165,2435840.0
Jacket 924,3.8,3,XL,Unisex,2025-05-19T08:57:36.405258,3764320.0
Crewneck 925,4.5,3,XXL,Men,2025-05-19T08:57:36.405348,7900800.0
T-shirt 926,4.6,3,S,Women,2025-05-19T08:57:36.405438,1911040.0
Hoodie 927,3.5,3,M,Unisex,2025-05-19T08:57:36.405529,7706400.0
Pants 928,3.4,3,L,Men,2025-05-19T08:57:36.405620,3911680.0
Outerwear 929,3.3,3,XL,Women,2025-05-19T08:57:36.405710,1253440.0
Jacket 930,4.9,3,XXL,Unisex,2025-05-19T08:57:36.405799,1741120.0
T-shirt 932,4.2,3,M,Women,2025-05-19T08:57:36.405976,5937600.0
Hoodie 933,3.4,3,L,Unisex,2025-05-19T08:57:36.406082,4960800.0
Pants 934,3.6,3,XL,Men,2025-05-19T08:57:36.406171,2248160.0
Outerwear 935,4.1,3,XXL,Women,2025-05-19T08:57:36.406259,6048000.0
Jacket 936,3.1,3,S,Unisex,2025-05-19T08:57:36.406346,6165440.0
Crewneck 937,4.1,3,M,Men,2025-05-19T08:57:36.406432,2475360.0
T-shirt 938,3.6,3,L,Women,2025-05-19T08:57:36.406520,4058400.0
Hoodie 939,4.8,3,XL,Unisex,2025-05-19T08:57:36.406621,4466080.0
Pants 940,3.7,3,XXL,Men,2025-05-19T08:57:36.406709,5776000.0
Jacket 942,3.0,3,M,Unisex,2025-05-19T08:57:38.769099,7972960.0
Crewneck 943,4.4,3,L,Men,2025-05-19T08:57:38.769194,4571040.0
T-shirt 944,4.6,3,XL,Women,2025-05-19T08:57:38.769287,1578240.0
Hoodie 945,4.2,3,XXL,Unisex,2025-05-19T08:57:38.769377,2107680.0
Outerwear 947,4.6,3,M,Women,2025-05-19T08:57:38.769675,7079680.0
Jacket 948,3.9,3,L,Unisex,2025-05-19T08:57:38.769804,4600480.0
Crewneck 949,4.4,3,XL,Men,2025-05-19T08:57:38.769913,1844320.0
T-shirt 950,4.9,3,XXL,Women,2025-05-19T08:57:38.770014,7691680.0
Pants 952,3.7,3,M,Men,2025-05-19T08:57:38.770208,7155040.0
Outerwear 953,3.8,3,L,Women,2025-05-19T08:57:38.770304,8423200.0
Jacket 954,4.1,3,XL,Unisex,2025-05-19T08:57:38.770396,3878720.0
Crewneck 955,4.7,3,XXL,Men,2025-05-19T08:57:38.770489,7006560.0
T-shirt 956,3.1,3,S,Women,2025-05-19T08:57:38.770580,4457600.0
Hoodie 957,4.4,3,M,Unisex,2025-05-19T08:57:38.770686,4024320.0
Pants 958,4.8,3,L,Men,2025-05-19T08:57:38.770780,3946240.0
Outerwear 959,4.6,3,XL,Women,2025-05-19T08:57:38.770870,6828480.0
Jacket 960,4.5,3,XXL,Unisex,2025-05-19T08:57:38.770962,5840160.0
T-shirt 962,4.1,3,M,Women,2025-05-19T08:57:41.172323,2887840.0
Hoodie 963,4.6,3,L,Unisex,2025-05-19T08:57:41.172420,7916160.0
Pants 964,3.3,3,XL,Men,2025-05-19T08:57:41.172533,3885280.0
Outerwear 965,4.5,3,XXL,Women,2025-05-19T08:57:41.172632,3107200.0
Jacket 966,4.9,3,S,Unisex,2025-05-19T08:57:41.172734,8499520.0
Crewneck 967,3.5,3,M,Men,2025-05-19T08:57:41.172826,1744000.0
T-shirt 968,4.4,3,L,Women,2025-05-19T08:57:41.172916,4045120.0
Hoodie 969,3.8,3,XL,Unisex,2025-05-19T08:57:41.173013,4231840.0
Pants 970,4.6,3,XXL,Men,2025-05-19T08:57:41.173105,952960.0
Jacket 972,4.4,3,M,Unisex,2025-05-19T08:57:41.173292,7272000.0
Crewneck 973,3.9,3,L,Men,2025-05-19T08:57:41.173386,7134400.0
T-shirt 974,3.0,3,XL,Women,2025-05-19T08:57:41.173481,4769280.0
Hoodie 975,3.6,3,XXL,Unisex,2025-05-19T08:57:41.173571,4816000.0
Outerwear 977,3.6,3,M,Women,2025-05-19T08:57:41.173740,3356000.0
Jacket 978,3.6,3,L,Unisex,2025-05-19T08:57:41.173830,3918240.0
Crewneck 979,3.4,3,XL,Men,2025-05-19T08:57:41.173923,4848480.0
T-shirt 980,3.1,3,XXL,Women,2025-05-19T08:57:41.174015,6544000.0
Pants 982,4.9,3,M,Men,2025-05-19T08:57:43.263612,7281760.0
Outerwear 983,3.2,3,L,Women,2025-05-19T08:57:43.263714,5762560.0
Jacket 984,3.8,3,XL,Unisex,2025-05-19T08:57:43.263810,7349440.0
Crewneck 985,4.3,3,XXL,Men,2025-05-19T08:57:43.263903,6236000.0
T-shirt 986,4.5,3,S,Women,2025-05-19T08:57:43.263998,6713760.0
Hoodie 987,4.7,3,M,Unisex,2025-05-19T08:57:43.264093,4008000.0
Pants 988,3.5,3,L,Men,2025-05-19T08:57:43.264199,2054239.9999999998
Outerwear 989,4.2,3,XL,Women,2025-05-19T08:57:43.264297,6869440.0
Jacket 990,4.2,3,XXL,Unisex,2025-05-19T08:57:43.264392,3327360.0
T-shirt 992,4.9,3,M,Women,2025-05-19T08:57:43.264577,4840480.0
Hoodie 993,3.4,3,L,Unisex,2025-05-19T08:57:43.264669,6361920.0
Pants 994,4.4,3,XL,Men,2025-05-19T08:57:43.264759,1693760.0
Outerwear 995,3.2,3,XXL,Women,2025-05-19T08:57:43.264850,8046720.0
Jacket 996,4.3,3,S,Unisex,2025-05-19T08:57:43.264953,6942400.0
Crewneck 997,3.9,3,M,Men,2025-05-19T08:57:43.265050,5321280.0
T-shirt 998,4.2,3,L,Women,2025-05-19T08:57:43.265150,908000.0
Hoodie 999,4.8,3,XL,Unisex,2025-05-19T08:57:43.265254,8534240.0
Pants 1000,4.7,3,XXL,Men,2025-05-19T08:57:43.265347,2938240.0
